{"Celtics": 1671.368378923857, "Knicks": 1563.7026964398333, "Lakers": 1601.6650345878895, "Timberwolves": 1593.2432647878031, "Pistons": 1533.9642209002443, "Pacers": 1590.8763488862503, "Hawks": 1482.1582338807623, "Nets": 1357.8774119592908, "Raptors": 1426.5093045974577, "Cavaliers": 1675.2952474983406, "76ers": 1316.7165848067325, "Bucks": 1574.1522079019633, "Heat": 1454.8411858297707, "Magic": 1510.267907202881, "Rockets": 1592.3558387726312, "Hornets": 1285.1167197171324, "Pelicans": 1346.805283319956, "Bulls": 1511.3983998821361, "Jazz": 1274.0957136002603, "Grizzlies": 1525.1539175484602, "Trail Blazers": 1477.4186720438888, "Warriors": 1591.3207929147823, "Clippers": 1609.9755137391257, "Suns": 1450.3084918888198, "Wizards": 1312.611780530895, "Mavericks": 1460.0192828604538, "Spurs": 1428.8566879947668, "Kings": 1484.758101792356, "Nuggets": 1565.7845984404908, "Thunder": 1731.3821767507682}