{"Celtics": 1654.2315410314714, "Knicks": 1557.3324267958499, "Lakers": 1591.4985311291007, "Timberwolves": 1583.918938309023, "Pistons": 1530.5677988102198, "Pacers": 1581.7887139976253, "Hawks": 1483.9424104926861, "Nets": 1372.0896707633617, "Raptors": 1433.858374137712, "Cavaliers": 1657.7657227485065, "76ers": 1335.0449263260593, "Bucks": 1566.736987111767, "Heat": 1459.3570672467936, "Magic": 1509.2411164825928, "Rockets": 1583.1202548953681, "Hornets": 1306.6050477454191, "Pelicans": 1362.1247549879604, "Bulls": 1510.2585598939224, "Jazz": 1296.6861422402342, "Grizzlies": 1522.6385257936142, "Trail Blazers": 1479.6768048395, "Warriors": 1582.188713623304, "Clippers": 1598.9779623652132, "Suns": 1455.2776426999378, "Wizards": 1331.3506024778055, "Mavericks": 1464.0173545744085, "Spurs": 1435.9710191952902, "Kings": 1486.2822916131204, "Nuggets": 1559.2061385964416, "Thunder": 1708.2439590756912}